time_ms,x,y,is_attacking,attack_cd
0,0.0,0.0,1,0.0
100,0.5328463977556209,0.0044195403463830355,1,0.0
200,0.9806611618248666,0.01168575324470291,0,0.2
300,1.4981432214992645,0.03133521185984657,0,0.3
400,2.021223573527348,0.04444958152331501,0,0.4
500,2.5326962954115473,0.061752093350540535,0,0.5
600,3.05425430387027,0.07975196614558666,0,0.6
700,3.5476680751602716,0.08805352163259461,0,0.7
800,4.071614696661133,0.09080546302680667,0,0.8
900,4.5599070244899105,0.09383565556958313,0,0.9
1000,5.049580707269156,0.08768493801213319,0,1.0
1100,5.5385192123324725,0.08163901436641682,1,0.0
1200,6.078693797550356,0.09173754159387872,1,0.0
1300,6.502676938269763,0.07206115431098302,0,0.2
1400,6.985171723713386,0.04764072953045184,0,0.3
1500,7.493339466581042,0.024532539111898025,0,0.4
1600,7.948852029289636,0.02698590203072981,0,0.5
1700,8.530558961917245,0.024847169398152496,0,0.6
1800,9.057044565376085,0.031083282201154853,0,0.7
1900,9.491121506022983,0.030869753586879354,0,0.8
2000,9.995478932058333,0.032648750497442966,0,0.9
2100,10.46799098050396,0.020394140071828736,0,1.0
2200,10.930024136350918,0.007611848316822137,1,0.0
2300,11.433616502751011,-0.007508892934464537,1,0.0
2400,11.913160847210726,-0.021497651041471742,0,0.2
2500,12.448747965512952,-0.029485300549191747,0,0.3
2600,12.916006603210844,-0.03285539388949292,0,0.4
2700,13.39592330979491,-0.027889374335051013,0,0.5
2800,13.852825799170537,-0.013516352578286005,0,0.6
2900,14.351311834396103,0.013125317189481588,0,0.7
3000,14.838622130812134,0.024542354188990333,0,0.8
3100,15.349377652804124,0.03717225936775604,0,0.9
3200,15.805082429407285,0.03769647248897697,0,1.0
3300,16.28640395219072,0.04055573078691454,1,0.0
3400,16.8167490956112,0.04670403116068769,1,0.0
3500,17.32672495294237,0.032431998994182254,0,0.2
3600,17.814823391817537,0.03312174517951408,0,0.3
3700,18.34482682919834,0.023556041203011573,0,0.4
3800,18.880623805366504,0.017145618240049967,0,0.5
3900,19.32126072461649,0.008221993464625156,0,0.6
4000,19.803301297321273,-0.0028134282863816595,0,0.7
4100,20.311041957747168,-0.004987266669544574,0,0.8
4200,20.762809207780354,-0.024616129453507034,0,0.9
4300,21.289869776925112,-0.03632449892858692,0,1.0
4400,21.789474894972045,-0.05510682888458977,1,0.0
4500,22.308023637041966,-0.06905027632548909,1,0.0
4600,22.818274321793552,-0.07203684669218109,0,0.2
4700,23.30790422140064,-0.076017114556416,0,0.3
4800,23.717809347183525,-0.06896241385412655,0,0.4
4900,24.219081053413575,-0.06200374274847567,0,0.5
5000,24.732287552150623,-0.07243724749635713,0,0.6
5100,25.266439834804892,-0.09165256509902925,0,0.7
5200,25.79280598061698,-0.11217659662214158,0,0.8
5300,26.308098821246134,-0.11718536986358168,0,0.9
5400,26.747318511635353,-0.13069002741339958,0,1.0
5500,27.242834939262462,-0.12506866211754725,1,0.0
5600,27.748598433125405,-0.12768934330973994,1,0.0
5700,28.282658605388367,-0.13291019309652538,0,0.2
5800,28.783188491085095,-0.13739565303235884,0,0.3
5900,29.301794374815394,-0.15094009946600964,0,0.4
6000,29.827747252855676,-0.1777468461034879,0,0.5
6100,30.266714614622504,-0.18404619552588408,0,0.6
6200,30.789971690435408,-0.2225954608314749,0,0.7
6300,31.249899395685706,-0.2282939582878844,0,0.8
6400,31.772987472780947,-0.25048936321669774,0,0.9
6500,32.25180722933772,-0.2804947000432106,0,1.0
6600,32.77177626303374,-0.3174423576226084,1,0.0
6700,33.28122958649541,-0.3586270029842803,1,0.0
6800,33.74576342819974,-0.3981620077611089,0,0.2
6900,34.20576909213322,-0.44087052892590584,0,0.3
7000,34.65887237898899,-0.48286675273007057,0,0.4
7100,35.21322570913177,-0.5489518368401175,0,0.5
7200,35.70749376489939,-0.6085140456152814,0,0.6
7300,36.187862561335855,-0.6604267829229677,0,0.7
7400,36.701563288838486,-0.71879384805383,0,0.8
7500,37.15262813089377,-0.766949734776704,0,0.9
7600,37.627235502455,-0.8080377695774124,0,1.0
7700,38.08832481913677,-0.8597582471919777,1,0.0
7800,38.649279908312714,-0.9280104845358605,1,0.0
7900,39.15005024658694,-1.003330487671018,0,0.2
8000,39.63996272488505,-1.1029451964767172,0,0.3
8100,40.12265791445923,-1.1902861165789518,0,0.4
8200,40.62235412102555,-1.2885200185783272,0,0.5
8300,41.14064524418473,-1.3813926232020848,0,0.6
8400,41.644724339506766,-1.447278632362932,0,0.7
8500,42.13454900632359,-1.518398400278903,0,0.8
8600,42.633538062083616,-1.5917355373960718,0,0.9
8700,43.13505527364135,-1.6658135145811885,0,1.0
8800,43.658970074988,-1.76480691789184,1,0.0
8900,44.102963609668855,-1.8550592055470496,1,0.0
9000,44.646201676976034,-1.9568531101748718,0,0.2
9100,45.14505305759239,-2.0442329037777385,0,0.3
9200,45.74817002260317,-2.1638408399261655,0,0.4
9300,46.19568521608249,-2.2428038220433755,0,0.5
9400,46.68978149466396,-2.3395516491936714,0,0.6
9500,47.18310421728284,-2.455411070782893,0,0.7
9600,47.71619648207869,-2.586824329489148,0,0.8
9700,48.09842693180189,-2.6717370833262915,0,0.9
9800,48.52346313487435,-2.765712866781509,0,1.0
9900,49.0209755521949,-2.8618941784285985,1,0.0
10000,49.47115925626373,-2.942794293010615,1,0.0
10100,50.0467613939533,-3.0203457470723993,0,0.2
10200,50.55513983378014,-3.1021158673977767,0,0.3
10300,51.04651914352532,-3.189319453029289,0,0.4
10400,51.60905274299511,-3.30687685112477,0,0.5
10500,52.08443514790355,-3.417820447174187,0,0.6
10600,52.5473897259834,-3.5200044343239973,0,0.7
10700,53.013023503955964,-3.6255880256452073,0,0.8
10800,53.45465892705669,-3.7272183348820063,0,0.9
10900,53.93267290737031,-3.842524037810843,0,1.0
11000,54.419977247863784,-3.9642089585428417,1,0.0
11100,54.93339624571092,-4.0962586191577275,1,0.0
11200,55.41137283144654,-4.223153365369478,0,0.2
11300,55.8722573645387,-4.353416184910569,0,0.3
11400,56.36884927758007,-4.510191467425513,0,0.4
11500,56.81315306946496,-4.663976926477796,0,0.5
11600,57.30230455023408,-4.828576647021606,0,0.6
11700,57.69833907975128,-4.966089970274286,0,0.7
11800,58.182148520633206,-5.128628459168171,0,0.8
11900,58.67930650796988,-5.314629138513994,0,0.9
12000,59.10267119700191,-5.481194725930569,0,1.0
12100,59.56172592280111,-5.660585094059031,1,0.0
12200,59.968372067574926,-5.81721993542746,1,0.0
12300,60.41947775582582,-5.968806311118139,0,0.2
12400,60.910383851402294,-6.154218387088148,0,0.3
12500,61.38872825982932,-6.339555429297083,0,0.4
12600,61.851247111871594,-6.523110345720948,0,0.5
12700,62.28924242451149,-6.693949379881234,0,0.6
12800,62.740339939183855,-6.861485400062623,0,0.7
12900,63.208187666702,-7.046442949569057,0,0.8
13000,63.666549845568554,-7.222013172191152,0,0.9
13100,64.15262960210619,-7.4198325533796075,0,1.0
13200,64.56987087141945,-7.610556036798882,1,0.0
13300,64.9752753266759,-7.795404147482137,1,0.0
13400,65.42835776712742,-8.001623917078811,0,0.2
13500,65.85417568903104,-8.18445287959184,0,0.3
13600,66.3227678423027,-8.394038846050252,0,0.4
13700,66.87638072100133,-8.681946630077881,0,0.5
13800,67.2903783660468,-8.906144762350385,0,0.6
13900,67.73345702768805,-9.134378336702879,0,0.7
14000,68.18955431610486,-9.39453448098241,0,0.8
14100,68.61304951409724,-9.62470374256349,0,0.9
14200,69.06775088622533,-9.875829081231762,0,1.0
14300,69.51522122373964,-10.135854723940831,1,0.0
14400,69.92531971894495,-10.371546841027179,1,0.0
14500,70.34259122535721,-10.630277769776331,0,0.2
14600,70.79549524884891,-10.924452667475634,0,0.3
14700,71.24204008435218,-11.212306346813646,0,0.4
14800,71.67202136746151,-11.487520314582076,0,0.5
14900,72.11023799935465,-11.779756760594138,0,0.6
15000,72.52712905069225,-12.032675323189292,0,0.7
15100,72.945527601526,-12.294723113586198,0,0.8
15200,73.34257656844596,-12.549831449498514,0,0.9
15300,73.75431522458491,-12.812452831980117,0,1.0
15400,74.18490373765101,-13.066621276517969,1,0.0
15500,74.65039145606895,-13.336532765235113,1,0.0
15600,75.13062101709343,-13.619643643406183,0,0.2
15700,75.52983782465556,-13.863238106320013,0,0.3
15800,75.95045359533327,-14.124991299054207,0,0.4
15900,76.36467592874713,-14.40251253745989,0,0.5
16000,76.81358245481925,-14.730032530427827,0,0.6
16100,77.19621561320733,-15.010341168658272,0,0.7
16200,77.58082274451225,-15.305191290659723,0,0.8
16300,77.94297790936484,-15.58592034686478,0,0.9
16400,78.325481780082,-15.896178052419314,0,1.0
16500,78.73871234138511,-16.24001001916883,1,0.0
16600,79.13215656015677,-16.5495950729836,1,0.0
16700,79.48624140644881,-16.821750821536224,0,0.2
16800,79.88630444901005,-17.119622807049943,0,0.3
16900,80.34258116234517,-17.45117013357897,0,0.4
17000,80.73848023892785,-17.773366965727515,0,0.5
17100,81.1357959540089,-18.114525587602895,0,0.6
17200,81.49006662932509,-18.43866904211098,0,0.7
17300,81.87878084139207,-18.79086766053835,0,0.8
17400,82.22637178736207,-19.10467178121983,0,0.9
17500,82.61896247885818,-19.468683343102118,0,1.0
17600,82.9361811388657,-19.76288754998265,1,0.0
17700,83.3220262416914,-20.10647264321131,1,0.0
17800,83.69208288448695,-20.42234333091375,0,0.2
17900,84.04593446975089,-20.712425789585865,0,0.3
18000,84.42157100481104,-21.01186983728057,0,0.4
18100,84.84939462365253,-21.341734700459778,0,0.5
18200,85.23830730726189,-21.65270406307148,0,0.6
18300,85.66630635537547,-21.994270881327576,0,0.7
18400,86.02373965249764,-22.26967777433297,0,0.8
18500,86.44694054293731,-22.588414071911593,0,0.9
18600,86.80550137093843,-22.83085877788719,0,1.0
18700,87.25985781005086,-23.146674673182083,1,0.0
18800,87.6224384053444,-23.41659839882957,1,0.0
18900,88.06015355518092,-23.734090515203558,0,0.2
19000,88.47741322682457,-24.047086095190107,0,0.3
19100,88.92692968719884,-24.38231060357019,0,0.4
19200,89.35948778491158,-24.70491303406946,0,0.5
19300,89.7478905378435,-25.007902862015534,0,0.6
19400,90.17727012554235,-25.344464289741023,0,0.7
19500,90.55111940012469,-25.629193647333746,0,0.8
19600,90.9786208696806,-25.943864810117027,0,0.9
19700,91.37221754271651,-26.235208919656802,0,1.0
19800,91.71840363001138,-26.493960336143925,1,0.0
19900,92.12778924053922,-26.797068537863453,1,0.0
20000,92.54686272732218,-27.12103956274824,0,0.2
20100,92.91514239635542,-27.425645485778002,0,0.3
20200,93.35745034947087,-27.800057532087923,0,0.4
20300,93.74300903381679,-28.152699270428982,0,0.5
20400,94.13087291170133,-28.491666698593882,0,0.6
20500,94.48560185928842,-28.78435533665383,0,0.7
20600,94.87584088282406,-29.143976019524708,0,0.8
20700,95.22430651938893,-29.484102707802265,0,0.9
20800,95.601371568256,-29.873573503389142,0,1.0
20900,95.93608126039054,-30.205230648945275,1,0.0
21000,96.30231674056738,-30.552716183191283,1,0.0
21100,96.6655405486672,-30.899660568342696,0,0.2
21200,97.0431249579441,-31.263851994357474,0,0.3
21300,97.3954453661934,-31.598646032135917,0,0.4
21400,97.74797818384491,-31.917800903275403,0,0.5
21500,98.13354128326952,-32.262057283701594,0,0.6
21600,98.50254064851586,-32.568701324029625,0,0.7
21700,98.90572085370404,-32.87617811137072,0,0.8
21800,99.28056946549955,-33.16481830184778,0,0.9
21900,99.68255126661776,-33.465437450939284,0,1.0
22000,100.03949313712545,-33.74741692040456,1,0.0
22100,100.40667668026033,-34.04552290840832,1,0.0
22200,100.84657461316183,-34.383958588445886,0,0.2
22300,101.26065762644937,-34.68900764341225,0,0.3
22400,101.66188768219116,-34.990998570889694,0,0.4
22500,102.13684723215393,-35.33293128869474,0,0.5
22600,102.53968812893874,-35.60974988571975,0,0.6
22700,102.9361136337417,-35.88162776717804,0,0.7
22800,103.33707615501311,-36.167833442578726,0,0.8
22900,103.80536714250259,-36.49879034297631,0,0.9
23000,104.25842535674889,-36.818134124835865,0,1.0
23100,104.68160508596074,-37.09031268512898,1,0.0
23200,105.13688564522381,-37.35889198580606,1,0.0
23300,105.57404941462082,-37.62272441829585,0,0.2
23400,105.99431401006505,-37.876043345535855,0,0.3
23500,106.42622782897247,-38.1392012815607,0,0.4
23600,106.82548632803449,-38.37679379283405,0,0.5
23700,107.20278169944856,-38.60143151346943,0,0.6
23800,107.65550433609918,-38.86715391633618,0,0.7
23900,108.09759106260746,-39.12430016180961,0,0.8
24000,108.51012629797904,-39.356503564930655,0,0.9
24100,108.96218274931583,-39.61437855924611,0,1.0
24200,109.41622411318639,-39.85910868940902,1,0.0
24300,109.86674306287131,-40.06741521329641,1,0.0
24400,110.37197021634894,-40.286463128000584,0,0.2
24500,110.79999858987682,-40.473675260061384,0,0.3
24600,111.25809734021948,-40.68972791347519,0,0.4
24700,111.72579584908878,-40.89525875472765,0,0.5
24800,112.17046442664052,-41.08847207178452,0,0.6
24900,112.55287895574453,-41.24854931789059,0,0.7
25000,113.01621059332614,-41.43946844145063,0,0.8
25100,113.55131540024621,-41.68083936907209,0,0.9
25200,113.96131902370333,-41.88246746620127,0,1.0
25300,114.44272963925704,-42.13669413268383,1,0.0
25400,114.90316839563398,-42.39254129483806,1,0.0
25500,115.35275806141853,-42.63412737642694,0,0.2
25600,115.7643619635235,-42.872239642808175,0,0.3
25700,116.16116873722828,-43.080997596999,0,0.4
25800,116.59325170105274,-43.319443753931985,0,0.5
25900,117.04452988878052,-43.55717233983809,0,0.6
26000,117.45286272004059,-43.76307308477076,0,0.7
26100,117.92485529326315,-43.987800104856134,0,0.8
26200,118.42230369589127,-44.24844523165275,0,0.9
26300,118.84930708724968,-44.44304776845228,0,1.0
26400,119.35545657468458,-44.672904383529904,1,0.0
26500,119.7318196538507,-44.860232145543065,1,0.0
26600,120.15230613568353,-45.0861147494016,0,0.2
26700,120.61068714499109,-45.34061608575017,0,0.3
26800,121.00565159808805,-45.55658905600871,0,0.4
26900,121.51382966363849,-45.8255459238538,0,0.5
27000,121.99784573853448,-46.064176197512,0,0.6
27100,122.48170903829087,-46.30243994231488,0,0.7
27200,122.95166813764138,-46.54755515439641,0,0.8
27300,123.43457137759258,-46.80070926768674,0,0.9
27400,123.8411433827082,-47.00808466146203,0,1.0
27500,124.33072256215274,-47.25590634640121,1,0.0
27600,124.75086888524851,-47.48308841415111,1,0.0
27700,125.13413562642813,-47.699559886485,0,0.2
27800,125.621293215776,-47.96007345147867,0,0.3
27900,126.0752960298421,-48.19175945021457,0,0.4
28000,126.52889558739605,-48.42395406275562,0,0.5
28100,127.00143865900941,-48.676412386881005,0,0.6
28200,127.4815501124558,-48.91763044909495,0,0.7
28300,127.92821782192874,-49.149220532167206,0,0.8
28400,128.4345641199757,-49.414314510990316,0,0.9
28500,128.81167928596196,-49.60968293521896,0,1.0
28600,129.32499934070506,-49.86941713268479,1,0.0
28700,129.80643734433758,-50.10315675781666,1,0.0
28800,130.18545067822149,-50.286763717654225,0,0.2
28900,130.58167250070554,-50.5004320910036,0,0.3
29000,131.0319321694578,-50.74501322082206,0,0.4
29100,131.46311154917157,-50.97007205643016,0,0.5
29200,131.90152353333877,-51.186243740033476,0,0.6
29300,132.37646347951858,-51.430493992682074,0,0.7
29400,132.72002480492506,-51.61682398422264,0,0.8
29500,133.1566037479908,-51.86817909939584,0,0.9
29600,133.55848964490332,-52.140954245166355,0,1.0
29700,133.92299065837557,-52.39262151564306,1,0.0
29800,134.30924029261212,-52.68011923009251,1,0.0
29900,134.74640307933052,-53.014522085530025,0,0.2
30000,135.09568571278805,-53.27675478838776,0,0.3
30100,135.51149972038593,-53.60248463271817,0,0.4
30200,135.93131923482943,-53.90156750754729,0,0.5
30300,136.40163973298905,-54.23136830674347,0,0.6
30400,136.80074425246565,-54.511554697640435,0,0.7
30500,137.1836047073091,-54.80020383695834,0,0.8
30600,137.55089979827443,-55.04811272786907,0,0.9
30700,137.91870627962513,-55.29622301179387,0,1.0
30800,138.36356992634032,-55.59432180760126,1,0.0
30900,138.80147640587367,-55.891483812930105,1,0.0
31000,139.23497180513215,-56.17482541129499,0,0.2
31100,139.69116647840355,-56.446874052047995,0,0.3
31200,140.09543135262913,-56.69198342080892,0,0.4
31300,140.53370963209227,-56.97002868145069,0,0.5
31400,141.0455454409689,-57.30034391070091,0,0.6
31500,141.4698223990365,-57.54829901903071,0,0.7
31600,141.95760032720975,-57.83855833373031,0,0.8
31700,142.36019885492547,-58.10347081075542,0,0.9
31800,142.7531206886674,-58.3493561598479,0,1.0
31900,143.16208637607136,-58.61184177863885,1,0.0
32000,143.59177867097685,-58.87810456034567,1,0.0
32100,144.03967705152724,-59.149702369705814,0,0.2
32200,144.50540236030133,-59.43165264253121,0,0.3
32300,144.87991781728957,-59.667434797437295,0,0.4
32400,145.23795606153763,-59.91476554931187,0,0.5
32500,145.67914028434956,-60.2282236036601,0,0.6
32600,146.0683689050687,-60.50232655749627,0,0.7
32700,146.45266825753595,-60.78799443054382,0,0.8
32800,146.8330279554425,-61.076496535019714,0,0.9
32900,147.20601562063982,-61.38015772400835,0,1.0
33000,147.53257627362828,-61.6330214436957,1,0.0
33100,147.8593482111299,-61.88908072748798,1,0.0
33200,148.23064634790344,-62.17740710958891,0,0.2
33300,148.6127750716452,-62.506074040658255,0,0.3
33400,149.0091289393383,-62.81796864574861,0,0.4
33500,149.40823131824425,-63.114389454181655,0,0.5
33600,149.80878483305779,-63.44538966548491,0,0.6
33700,150.14629163903916,-63.73004044547065,0,0.7
33800,150.54341746944144,-64.05237107861934,0,0.8
33900,150.95431201753837,-64.39456125761927,0,0.9
34000,151.3511723271838,-64.73938236552449,0,1.0
34100,151.73690927218794,-65.09012639188444,1,0.0
34200,152.1408278095763,-65.47738035723705,1,0.0
34300,152.54546692028347,-65.86061292955144,0,0.2
34400,152.88806974913564,-66.1981657169715,0,0.3
34500,153.1715229749903,-66.46640135383598,0,0.4
34600,153.55505375055503,-66.84842118273171,0,0.5
34700,153.94126592525143,-67.2246175581715,0,0.6
34800,154.31287254276475,-67.5920103310568,0,0.7
34900,154.62387300161097,-67.91046274554452,0,0.8
35000,154.9436171760954,-68.26568421669076,0,0.9
35100,155.2566059965038,-68.62275100014905,0,1.0
35200,155.50561773996947,-68.96104092576736,1,0.0
35300,155.8035364256828,-69.37680158705936,1,0.0
35400,156.0690620213665,-69.75844355008593,0,0.2
35500,156.3738880522559,-70.25289211751695,0,0.3
35600,156.65875198210222,-70.7435269366688,0,0.4
35700,156.93167508354017,-71.17548781771077,0,0.5
35800,157.19567466450738,-71.60632515593846,0,0.6
35900,157.45021563157113,-72.0487580542095,0,0.7
36000,157.71019905557898,-72.50057675052479,0,0.8
36100,158.0053204973716,-72.98742502344798,0,0.9
36200,158.281816452982,-73.45328699685422,0,1.0
36300,158.51112084046397,-73.85691714227599,1,0.0
36400,158.73273141531322,-74.26083908691633,1,0.0
36500,159.00200094393742,-74.72536827352636,0,0.2
36600,159.26530635404515,-75.14923060024117,0,0.3
36700,159.51959879810545,-75.55263312554086,0,0.4
36800,159.78355891590505,-75.99819513311729,0,0.5
36900,160.01835642540337,-76.38877209649519,0,0.6
37000,160.2452322371588,-76.75443868637436,0,0.7
37100,160.49381061036374,-77.15895310112788,0,0.8
37200,160.72793772726578,-77.55103012424182,0,0.9
37300,161.00607720779524,-77.99351044432252,0,1.0
37400,161.2869855491794,-78.41343620559398,1,0.0
37500,161.5438792624796,-78.82462398117835,1,0.0
37600,161.80560492102296,-79.27149184501548,0,0.2
37700,162.07730548507632,-79.7062127671866,0,0.3
37800,162.3281090321639,-80.12094111124024,0,0.4
37900,162.5583438291706,-80.49775654676841,0,0.5
38000,162.82425884275642,-80.92982482262805,0,0.6
38100,163.07167764400597,-81.34422070181519,0,0.7
38200,163.31228418412914,-81.74384715747848,0,0.8
38300,163.57664560451823,-82.2036688219635,0,0.9
38400,163.8613171649212,-82.69327122252484,0,1.0
38500,164.0674178595836,-83.06833579629085,1,0.0
38600,164.33652725252244,-83.5334617068312,1,0.0
38700,164.55001189273156,-83.91852770529958,0,0.2
38800,164.75731780104235,-84.29398151194937,0,0.3
38900,164.95305356483723,-84.65602023250426,0,0.4
39000,165.14757671888827,-85.02141320521488,0,0.5
39100,165.4072516951959,-85.51686794077828,0,0.6
39200,165.64962327176835,-85.98753818986994,0,0.7
39300,165.85481321039802,-86.40243226879508,0,0.8
39400,166.07624616952094,-86.8950448739279,0,0.9
39500,166.30599463986297,-87.40935445078559,0,1.0
39600,166.492438036419,-87.86184489512024,1,0.0
39700,166.70421552275243,-88.37455552920277,1,0.0
39800,166.902936487231,-88.802922404517,0,0.2
39900,167.0722364525601,-89.19671812581915,0,0.3
40000,167.28152723035038,-89.64481096462134,0,0.4
40100,167.4838520808659,-90.09760619286294,0,0.5
40200,167.63399290463354,-90.49940551076148,0,0.6
40300,167.82399265468055,-90.97674267731477,0,0.7
40400,167.99431702479282,-91.40173507994946,0,0.8
40500,168.2127712694669,-91.92716819149989,0,0.9
40600,168.38993908652205,-92.39309454805661,0,1.0
40700,168.56639990545546,-92.87404927860656,1,0.0
40800,168.73542130522128,-93.33607889410908,1,0.0
40900,168.89571367893868,-93.80674936496179,0,0.2
41000,169.0468295025325,-94.2749506024204,0,0.3
41100,169.20637573510444,-94.77408323809514,0,0.4
41200,169.34694392876438,-95.23816479171437,0,0.5
41300,169.5001236486463,-95.70266618563527,0,0.6
41400,169.6630263928892,-96.20954285914992,0,0.7
41500,169.81897001515333,-96.68617008335269,0,0.8
41600,169.96006554187687,-97.11166542119076,0,0.9
41700,170.13859210676097,-97.63289117106967,0,1.0
41800,170.28502173562396,-98.04330433966832,1,0.0
41900,170.4426885669064,-98.47745232044058,1,0.0
42000,170.61140220594734,-98.95169209328867,0,0.2
42100,170.78080364234862,-99.476724120218,0,0.3
42200,170.94219932078065,-99.98156931053002,0,0.4
42300,171.11780371228977,-100.50503406227106,0,0.5
42400,171.26903923534644,-100.91766568366322,0,0.6
42500,171.4112449295451,-101.30552167889567,0,0.7
42600,171.5869466297558,-101.80251486972672,0,0.8
42700,171.7812119588714,-102.31722774841325,0,0.9
42800,171.95706924324455,-102.7974814516855,0,1.0
42900,172.1467495277667,-103.31304331526145,1,0.0
43000,172.33083007581172,-103.76103695048702,1,0.0
43100,172.5610126620646,-104.20327718600839,0,0.2
43200,172.79789780724153,-104.66923312508003,0,0.3
43300,173.04189954550228,-105.1291386532179,0,0.4
43400,173.29523034993488,-105.62603989127108,0,0.5
43500,173.55008178888679,-106.12515909840553,0,0.6
43600,173.76680691501738,-106.51730097372766,0,0.7
43700,173.97909826675763,-106.92429181158131,0,0.8
43800,174.2133498518055,-107.36747620876783,0,0.9
43900,174.4338837686924,-107.77877392429092,0,1.0
44000,174.70110897945295,-108.26566661757425,1,0.0
44100,174.92344440038107,-108.70394539221974,1,0.0
44200,175.14942728616606,-109.1433589905361,0,0.2
44300,175.40754712296226,-109.65166735732595,0,0.3
44400,175.6633725314001,-110.119642178808,0,0.4
44500,175.93622098005656,-110.64166067780953,0,0.5
44600,176.16034084863313,-111.06191517159353,0,0.6
44700,176.3825406735987,-111.48719278538096,0,0.7
44800,176.64006103692452,-111.92467332830267,0,0.8
44900,176.85016013219766,-112.28062924831374,0,0.9
45000,177.08932857963003,-112.67021310476451,0,1.0
45100,177.3511169348921,-113.12411212003205,1,0.0
45200,177.60759924723,-113.59124541283751,1,0.0
45300,177.82345060660086,-113.96071827754774,0,0.2
45400,178.04230151576937,-114.33842232415832,0,0.3
45500,178.3101720833453,-114.8026496061809,0,0.4
45600,178.579322671852,-115.30687782996597,0,0.5
45700,178.78910136246026,-115.70735861450152,0,0.6
45800,179.03395048104483,-116.17861788984956,0,0.7
45900,179.24926967216592,-116.62924781907893,0,0.8
46000,179.468708339699,-117.13085019497791,0,0.9
46100,179.6634721832633,-117.57206805825625,0,1.0
46200,179.85422837041875,-117.97713496563321,1,0.0
46300,180.0932612491875,-118.4980070652203,1,0.0
46400,180.32239126888518,-119.00185662818295,0,0.2
46500,180.51926466217563,-119.42997395402213,0,0.3
46600,180.72619593977927,-119.88764413481626,0,0.4
46700,180.91387445586062,-120.3144114473306,0,0.5
46800,181.0831435769279,-120.72035568638192,0,0.6
46900,181.28231675927356,-121.19515542087925,0,0.7
47000,181.45429985496176,-121.58587588277649,0,0.8
47100,181.66365015092703,-122.03821497850534,0,0.9
47200,181.85891335535254,-122.50180411452801,0,1.0
47300,182.06984822255345,-122.97711873086055,1,0.0
47400,182.29589778591028,-123.46414957862784,1,0.0
47500,182.51485316964332,-123.91110127489192,0,0.2
47600,182.69955931644867,-124.34192710149357,0,0.3
47700,182.8923812156079,-124.78189338673877,0,0.4
47800,183.1132859683139,-125.26484196435383,0,0.5
47900,183.35254245808312,-125.78700509871761,0,0.6
48000,183.56428615456747,-126.27988945022364,0,0.7
48100,183.7439109679313,-126.71202538713656,0,0.8
48200,183.93203208663613,-127.14772287588906,0,0.9
48300,184.1197535766726,-127.55950019802991,0,1.0
48400,184.3129988452126,-127.98297452567688,1,0.0
48500,184.5113792672284,-128.42482730549867,1,0.0
48600,184.7133099915634,-128.90992825594466,0,0.2
48700,184.8771359751156,-129.33980562494122,0,0.3
48800,185.07928459573182,-129.83858813851185,0,0.4
48900,185.2793124010469,-130.31085547484525,0,0.5
49000,185.47742166684475,-130.71590725027775,0,0.6
49100,185.67175641404972,-131.13234355898553,0,0.7
49200,185.89752531135895,-131.59058619898192,0,0.8
49300,186.1479925428543,-132.06698753174075,0,0.9
49400,186.36272037927986,-132.48122503568604,0,1.0
49500,186.6205367675404,-133.00949696498574,1,0.0
49600,186.86064312114573,-133.4742376329723,1,0.0
49700,187.08250661361885,-133.91277329392133,0,0.2
49800,187.29835702255255,-134.348710041715,0,0.3
49900,187.4926613759594,-134.80610170292414,0,0.4
50000,187.6879659729093,-135.27830433835564,0,0.5
50100,187.89419270095894,-135.7703864178573,0,0.6
50200,188.09922399706798,-136.26052819175771,0,0.7
50300,188.2486699350838,-136.6906797985185,0,0.8
50400,188.4139246900974,-137.10994656351463,0,0.9
50500,188.60397078825918,-137.6022413343869,0,1.0
50600,188.78359335723906,-138.09910508190868,1,0.0
50700,188.91352047440375,-138.50155153178403,1,0.0
50800,189.03327676265286,-138.91795828677485,0,0.2
50900,189.16744490486354,-139.38582325688006,0,0.3
51000,189.2970137957487,-139.82511788369519,0,0.4
51100,189.46579717610237,-140.29110775927717,0,0.5
51200,189.64139008035576,-140.7780837743896,0,0.6
51300,189.7994712572481,-141.22513659619705,0,0.7
51400,189.97909670851536,-141.73034506446692,0,0.8
51500,190.1669284019903,-142.23355536057613,0,0.9
51600,190.32464985663017,-142.67467455718665,0,1.0
51700,190.5114441862519,-143.12759155326782,1,0.0
51800,190.71860450122367,-143.61438166972633,1,0.0
51900,190.9067959299478,-144.01814927957375,0,0.2
52000,191.10532333943635,-144.4575720751649,0,0.3
52100,191.26849539215928,-144.8260941803768,0,0.4
52200,191.42297215793747,-145.1774260020164,0,0.5
52300,191.6359861319028,-145.65297102105293,0,0.6
52400,191.8263054955575,-146.06228453265982,0,0.7
52500,192.03189186260443,-146.47941748170913,0,0.8
52600,192.22308184737477,-146.89825020371933,0,0.9
52700,192.4239073946674,-147.3632795077709,0,1.0
52800,192.5961174651618,-147.74151909880482,1,0.0
52900,192.811671399854,-148.23200259882466,1,0.0
53000,193.02315312156588,-148.70713337582706,0,0.2
53100,193.22401840876446,-149.20617525504227,0,0.3
53200,193.3956911783108,-149.68386670589288,0,0.4
53300,193.60779350329332,-150.21850466933302,0,0.5
53400,193.8112621561119,-150.71356127839323,0,0.6
53500,193.9875245237573,-151.1608248181397,0,0.7
53600,194.18385481780874,-151.62073641297647,0,0.8
53700,194.35676056079305,-152.02922724357364,0,0.9
53800,194.56347866710186,-152.5127244866603,0,1.0
53900,194.7436257919073,-152.9573313112149,1,0.0
54000,194.95175441627478,-153.4197855984658,1,0.0
54100,195.1354164490354,-153.8355467245104,0,0.2
54200,195.32672841334733,-154.2866563334419,0,0.3
54300,195.52669436651024,-154.7181539066573,0,0.4
54400,195.73920744274207,-155.12933588273435,0,0.5
54500,195.98019022380265,-155.6055790460094,0,0.6
54600,196.1885397795965,-156.02329056967014,0,0.7
54700,196.41825617882438,-156.48751144846142,0,0.8
54800,196.6173377188747,-156.93531042019484,0,0.9
54900,196.8127362848813,-157.3779505783497,0,1.0
55000,197.01314776547062,-157.81109068752744,1,0.0
55100,197.21975165503076,-158.26806202520206,1,0.0
55200,197.42988793127293,-158.71199276455977,0,0.2
55300,197.64339480057743,-159.12360472840237,0,0.3
55400,197.87048021456698,-159.5301717280598,0,0.4
55500,198.11963860569773,-159.98038722195574,0,0.5
55600,198.40189273577107,-160.4358536412434,0,0.6
55700,198.68806051801644,-160.9078420963891,0,0.7
55800,198.9288166886598,-161.30956445139898,0,0.8
55900,199.1924275796984,-161.73886901884845,0,0.9
56000,199.45181172670857,-162.14038348850593,0,1.0
56100,199.74092982690638,-162.57905984075288,1,0.0
56200,200.018215533946,-162.99373397722644,1,0.0
56300,200.30873654724314,-163.44434960075455,0,0.2
56400,200.59186369993398,-163.88033730989613,0,0.3
56500,200.86091866491623,-164.3023920034308,0,0.4
56600,201.12088277461703,-164.73349683615098,0,0.5
56700,201.38887879065868,-165.16000791834114,0,0.6
56800,201.67044691065306,-165.5882513932937,0,0.7
56900,201.95428225869705,-165.99061105838814,0,0.8
57000,202.23562154594208,-166.42471589402714,0,0.9
57100,202.48482127590123,-166.81259030082475,0,1.0
57200,202.76748168534218,-167.23778208147795,1,0.0
57300,203.04124491022944,-167.64019408018586,1,0.0
57400,203.3302004288785,-168.06064832426895,0,0.2
57500,203.61424100252347,-168.4384194765293,0,0.3
57600,203.92336605543534,-168.84976838499242,0,0.4
57700,204.17058275613127,-169.20876195086657,0,0.5
57800,204.43211755191533,-169.5492191838371,0,0.6
57900,204.7211163349707,-169.9148718404569,0,0.7
58000,204.97589242744095,-170.24965056518175,0,0.8
58100,205.28847863454683,-170.6793590796974,0,0.9
58200,205.58233181715187,-171.11298868588028,0,1.0
58300,205.91171898463978,-171.59127087930057,1,0.0
58400,206.21879548051754,-172.04821128165372,1,0.0
58500,206.4998753279412,-172.44778464003733,0,0.2
58600,206.80374666810675,-172.9186193034009,0,0.3
58700,207.05123597580265,-173.331137182691,0,0.4
58800,207.34126788178276,-173.79212773269796,0,0.5
58900,207.59822798864394,-174.21955383697636,0,0.6
59000,207.87728290165575,-174.69032387384715,0,0.7
59100,208.11657848937395,-175.04373542706597,0,0.8
59200,208.339783974512,-175.35825563739317,0,0.9
59300,208.60361278784893,-175.72975263776885,0,1.0
59400,208.91637929794334,-176.12834533322993,1,0.0
59500,209.20598466723402,-176.51117051162427,1,0.0
59600,209.50656648699538,-176.92012010752885,0,0.2
59700,209.81661334152807,-177.34531967052428,0,0.3
59800,210.14328941768383,-177.76020084546363,0,0.4
59900,210.4022543118128,-178.1097773163838,0,0.5
60000,210.7170093550387,-178.55117588136224,0,0.6
60100,210.98869386850083,-178.9387293072687,0,0.7
60200,211.24440811793392,-179.30093798551312,0,0.8
60300,211.53281524462847,-179.73412505543044,0,0.9
60400,211.79693721027883,-180.13716204445652,0,1.0
60500,212.06120437099875,-180.53379202133257,1,0.0
60600,212.32160789703684,-180.93892888430912,1,0.0
60700,212.5993336200563,-181.3575778371105,0,0.2
60800,212.85727005753878,-181.77169553442275,0,0.3
60900,213.16873113509138,-182.25483279797066,0,0.4
61000,213.43504734866204,-182.69392328520973,0,0.5
61100,213.70862984561464,-183.1513768528847,0,0.6
61200,214.00064701555894,-183.62790674336762,0,0.7
61300,214.25556654757258,-184.03248916679436,0,0.8
61400,214.5250890780918,-184.47276494781983,0,0.9
61500,214.841024523837,-184.9780395759658,0,1.0
61600,215.09647640486656,-185.3522118093318,1,0.0
61700,215.35147052959928,-185.71905359001607,1,0.0
61800,215.6363087642619,-186.16570065110793,0,0.2
61900,215.8879146599991,-186.54894673179018,0,0.3
62000,216.1558578112025,-186.9239569973703,0,0.4
62100,216.4495941323662,-187.36042596460018,0,0.5
62200,216.72733839606497,-187.7684443765047,0,0.6
62300,217.01305533654892,-188.18963079656297,0,0.7
62400,217.28850456401184,-188.598623633965,0,0.8
62500,217.52072595649915,-188.97977471519584,0,0.9
62600,217.7720998779654,-189.3790650601576,0,1.0
62700,218.07086993544266,-189.84014770177296,1,0.0
62800,218.34525605754553,-190.27160935972938,1,0.0
62900,218.6503192357166,-190.70231410766215,0,0.2
63000,218.9946932361309,-191.1456029181503,0,0.3
63100,219.30571742396577,-191.53135962446513,0,0.4
63200,219.58441578289322,-191.891688225914,0,0.5
63300,219.9065449741628,-192.29827257420806,0,0.6
63400,220.23636353889628,-192.7181656581239,0,0.7
63500,220.56640275778054,-193.15112641261493,0,0.8
63600,220.86901952455972,-193.54732351107106,0,0.9
63700,221.17012192478165,-193.9415433049589,0,1.0
63800,221.45467742563838,-194.27127435842803,1,0.0
63900,221.81562781216184,-194.68594958843184,1,0.0
64000,222.14226160104127,-195.04840385412913,0,0.2
64100,222.46228759058695,-195.37500810223995,0,0.3
64200,222.81624614558865,-195.75965403101281,0,0.4
64300,223.079844590707,-196.066973574252,0,0.5
64400,223.43365003196237,-196.46219904043625,0,0.6
64500,223.76037972718754,-196.8145185906428,0,0.7
64600,224.0755945622469,-197.15144219218038,0,0.8
64700,224.45464664874544,-197.52421777717439,0,0.9
64800,224.76074994535537,-197.8147092347973,0,1.0
64900,225.174166875997,-198.19209027059804,1,0.0
65000,225.57705330765225,-198.53885258014012,1,0.0
65100,225.94564505177073,-198.8561123661046,0,0.2
65200,226.3410172981605,-199.18660590737915,0,0.3
65300,226.71692038992646,-199.4972196025693,0,0.4
65400,227.07771092807997,-199.77162555844353,0,0.5
65500,227.45705448701165,-200.0604677387734,0,0.6
65600,227.90861089701312,-200.38694915114888,0,0.7
65700,228.34736761590784,-200.6846433783544,0,0.8
65800,228.81871464296677,-201.02817174067297,0,0.9
65900,229.22286781517056,-201.31512209602832,0,1.0
66000,229.61963029659708,-201.59651720112717,1,0.0
66100,230.04058417753805,-201.88867891825635,1,0.0
66200,230.36492720655596,-202.11796670522145,0,0.2
66300,230.78853151396385,-202.41796108023829,0,0.3
66400,231.19513293963487,-202.6982722698501,0,0.4
66500,231.64396851998575,-203.00054910187296,0,0.5
66600,232.1037831384682,-203.31782128349158,0,0.6
66700,232.4614221365822,-203.5902121701348,0,0.7
66800,232.77603383682015,-203.8408144001415,0,0.8
66900,233.1978406284762,-204.19367046382976,0,0.9
67000,233.59379449394987,-204.50532739187395,0,1.0
67100,234.00688848756445,-204.803697514611,1,0.0
67200,234.41645711626114,-205.10703261948473,1,0.0
67300,234.8408752051202,-205.4235340905121,0,0.2
67400,235.2618183976541,-205.76173751266944,0,0.3
67500,235.67455310550446,-206.10090340944595,0,0.4
67600,236.03629835495894,-206.42129578262498,0,0.5
67700,236.43825611049203,-206.77596218203777,0,0.6
67800,236.8520528930008,-207.16315539682367,0,0.7
67900,237.20555835702137,-207.48633518244839,0,0.8
68000,237.58739528428276,-207.81546415593337,0,0.9
68100,238.04709361668912,-208.18994857579452,0,1.0
68200,238.4239283681672,-208.4855364942679,1,0.0
68300,238.83235266149376,-208.8126981695635,1,0.0
68400,239.19859110716718,-209.10193596903116,0,0.2
68500,239.60659230705957,-209.43491573897893,0,0.3
68600,239.92601359694925,-209.66691892087505,0,0.4
68700,240.32869249625395,-209.94883926812835,0,0.5
68800,240.77237919770718,-210.24726123565102,0,0.6
68900,241.15386916967748,-210.50314789611306,0,0.7
69000,241.49871483797293,-210.75161195935962,0,0.8
69100,241.90583664614562,-211.02717338411182,0,0.9
69200,242.3071181020632,-211.30643638133387,0,1.0
69300,242.71789786650652,-211.6123661647353,1,0.0
69400,243.16551992809408,-211.92421013755416,1,0.0
69500,243.60829764615917,-212.25807093367894,0,0.2
69600,243.94169754472023,-212.51918668429602,0,0.3
69700,244.29635151345732,-212.8142369126518,0,0.4
69800,244.64894362467575,-213.10767130325735,0,0.5
69900,245.01354029125906,-213.4341700638407,0,0.6
70000,245.37924589897543,-213.73242272184805,0,0.7
70100,245.77272054392122,-214.04608783534854,0,0.8
70200,246.12049836276384,-214.28875154668552,0,0.9
70300,246.495134666136,-214.53577251011893,0,1.0
70400,246.90540839439495,-214.81474053250165,1,0.0
70500,247.3126731438573,-215.04829287096064,1,0.0
70600,247.7784972277247,-215.34425825846589,0,0.2
70700,248.18693819783851,-215.61546371487083,0,0.3
70800,248.60654604414844,-215.8944329921356,0,0.4
70900,249.03068408263715,-216.17891830170416,0,0.5
71000,249.47704122024712,-216.47232742412626,0,0.6
71100,249.86716137140732,-216.73453729588672,0,0.7
71200,250.29421702704713,-217.0376773775938,0,0.8
71300,250.71964805529328,-217.3403757085094,0,0.9
71400,251.1862056790111,-217.66334095546335,0,1.0
71500,251.6235585008628,-217.96287903658666,1,0.0
71600,251.99282403762442,-218.23176224366935,1,0.0
71700,252.35568058161917,-218.5001557318389,0,0.2
71800,252.71914272593486,-218.75980242582244,0,0.3
71900,253.04636969946824,-218.99275361699196,0,0.4
72000,253.43503023157749,-219.28526941018026,0,0.5
72100,253.77565786460596,-219.54496726738037,0,0.6
72200,254.20513768280063,-219.87063922305165,0,0.7
72300,254.58696186684182,-220.15092646954744,0,0.8
72400,254.94795917903014,-220.42383785204768,0,0.9
72500,255.3978415506552,-220.7533793722515,0,1.0
72600,255.7431656337858,-221.01309208436552,1,0.0
72700,256.1669109215029,-221.32861103497567,1,0.0
72800,256.55181223703954,-221.65635460350657,0,0.2
72900,256.974881307687,-221.98026200668974,0,0.3
73000,257.3887666323939,-222.2885516619166,0,0.4
73100,257.7664785433242,-222.55520554894724,0,0.5
73200,258.1821360359462,-222.86146916345186,0,0.6
73300,258.58796497812455,-223.17091713905768,0,0.7
73400,258.9944752036408,-223.51148551036502,0,0.8
73500,259.3855545154777,-223.8258215413123,0,0.9
73600,259.82719268654097,-224.17793542231465,0,1.0
73700,260.1819512411859,-224.47618744624924,1,0.0
73800,260.5433781185655,-224.7966091037676,1,0.0
73900,260.9104436449433,-225.13829175561867,0,0.2
74000,261.22925261724436,-225.44448601988194,0,0.3
74100,261.6104188144255,-225.838855890832,0,0.4
74200,261.95099885047796,-226.19240138726397,0,0.5
74300,262.2958301622735,-226.54990346474133,0,0.6
74400,262.6653264323004,-226.91932014534427,0,0.7
74500,262.99091593832617,-227.2541865458381,0,0.8
74600,263.29606239242344,-227.5848599752756,0,0.9
74700,263.6215638571823,-227.91460426669417,0,1.0
74800,263.93266077877195,-228.26190481746107,1,0.0
74900,264.2677790141033,-228.65057423516015,1,0.0
75000,264.5997764871931,-229.0526007739506,0,0.2
75100,264.95436407473505,-229.47391846255027,0,0.3
75200,265.3735849892555,-229.92246723066427,0,0.4
75300,265.6938993207107,-230.24365652679597,0,0.5
75400,266.0504457431693,-230.60818172500854,0,0.6
75500,266.43723092166374,-230.96622438045628,0,0.7
75600,266.80856936242,-231.29056694929926,0,0.8
75700,267.21167217489125,-231.63270886868804,0,0.9
75800,267.61279049076717,-231.9807950609393,0,1.0
75900,267.99383194303454,-232.29466272380574,1,0.0
76000,268.43930333840945,-232.6436879834635,1,0.0
76100,268.8333865334561,-232.95144003083112,0,0.2
76200,269.205751506973,-233.24671214082875,0,0.3
76300,269.58574263845145,-233.54571887669616,0,0.4
76400,269.95218271320385,-233.83853158586524,0,0.5
76500,270.3026187642774,-234.14037640165458,0,0.6
76600,270.64792436825235,-234.43308480803435,0,0.7
76700,271.07369646274196,-234.80553511672534,0,0.8
76800,271.4374281100971,-235.10675259286583,0,0.9
76900,271.80682795679155,-235.4037524419857,0,1.0
77000,272.18961978289786,-235.68763891475305,1,0.0
77100,272.63636937673016,-236.01760172615226,1,0.0
77200,273.0739307238754,-236.35441670650235,0,0.2
77300,273.4715176213673,-236.67307525146575,0,0.3
77400,273.85669492308574,-236.98630165169914,0,0.4
77500,274.2435136770964,-237.29840150624108,0,0.5
77600,274.6513035379305,-237.6441935814565,0,0.6
77700,275.0781120885492,-237.99360710051795,0,0.7
77800,275.43260526638585,-238.2646529878602,0,0.8
77900,275.8811732387641,-238.58619730138682,0,0.9
78000,276.31721215768493,-238.907270780091,0,1.0
78100,276.71223575533685,-239.17721056426086,1,0.0
78200,277.1038966931883,-239.46431172262635,1,0.0
78300,277.5340281342992,-239.73730745864128,0,0.2
78400,277.939813629253,-240.01175711323205,0,0.3
78500,278.33416775334837,-240.29241469992272,0,0.4
78600,278.6585789786927,-240.52218050115977,0,0.5
78700,279.11554974664693,-240.83993286859018,0,0.6
78800,279.51217819613146,-241.11852289854411,0,0.7
78900,279.8865241574539,-241.36705167686497,0,0.8
79000,280.24922751808623,-241.62379780545277,0,0.9
79100,280.669065023481,-241.92337410588917,0,1.0
79200,281.093313747232,-242.22749197047574,1,0.0
79300,281.5217876202162,-242.52188644383602,1,0.0
79400,281.9195986505704,-242.80673354348346,0,0.2
79500,282.2999097013563,-243.06217223561967,0,0.3
79600,282.69947420036465,-243.33408370371637,0,0.4
79700,283.0761514786232,-243.59280901886936,0,0.5
79800,283.56126876823413,-243.94967383570588,0,0.6
79900,283.9473135272539,-244.22037158588492,0,0.7
80000,284.3784309799646,-244.5235856647854,0,0.8
80100,284.80507527867326,-244.8289440560396,0,0.9
80200,285.1957869237834,-245.11740360853278,0,1.0
80300,285.5827309639952,-245.40429970948585,1,0.0
80400,285.96680771394807,-245.72575242663703,1,0.0
80500,286.36692647250754,-246.05638161275223,0,0.2
80600,286.7550574871046,-246.3930027946907,0,0.3
80700,287.0807868991105,-246.6725624161627,0,0.4
80800,287.45626236429723,-247.0309480146137,0,0.5
80900,287.8383086506789,-247.41270180465827,0,0.6
81000,288.1923650400865,-247.73188562303906,0,0.7
81100,288.5578018504432,-248.07245619063397,0,0.8
81200,288.8953197069183,-248.37694558582183,0,0.9
81300,289.30663480428234,-248.72628895005022,0,1.0
81400,289.67613919857115,-249.03016252350898,1,0.0
81500,290.0961677795889,-249.3603748911594,1,0.0
81600,290.54438265960573,-249.73414084192743,0,0.2
81700,290.93733983278844,-250.06666178302225,0,0.3
81800,291.32655758075913,-250.4045115253126,0,0.4
81900,291.68815824770854,-250.70114793909556,0,0.5
82000,292.0483746433404,-251.0214114367872,0,0.6
82100,292.3894138798015,-251.34432012703326,0,0.7
82200,292.74958311595617,-251.68742129447125,0,0.8
82300,293.0918744915016,-251.99383993830818,0,0.9
82400,293.45197832778916,-252.31075432505367,0,1.0
82500,293.915989770594,-252.6928853709906,1,0.0
82600,294.3562606011257,-253.05011625280758,1,0.0
82700,294.69132556977985,-253.32912909895936,0,0.2
82800,295.01833750021086,-253.6187654915382,0,0.3
82900,295.37789404111066,-253.95223614057497,0,0.4
83000,295.7747830142986,-254.30045617431367,0,0.5
83100,296.1414114261481,-254.6149739773747,0,0.6
83200,296.5162017700497,-254.94793727085263,0,0.7
83300,296.8987766257064,-255.28556126124437,0,0.8
83400,297.27304760770994,-255.60996657379536,0,0.9
83500,297.6030245932672,-255.923806725326,0,1.0
83600,298.00666912772766,-256.32323962458355,1,0.0
83700,298.3774436587631,-256.69774821733745,1,0.0
83800,298.75119678213485,-257.0496302414991,0,0.2
83900,299.1035305551512,-257.3876681650405,0,0.3
84000,299.46436314492155,-257.7512774934089,0,0.4
84100,299.8425240452137,-258.1122571133586,0,0.5
84200,300.231655397195,-258.4701790803803,0,0.6
84300,300.59604314798514,-258.77433659450526,0,0.7
84400,301.0028346614098,-259.1112876597943,0,0.8
84500,301.3206643905963,-259.3588923495324,0,0.9
84600,301.70470030585415,-259.66588782232014,0,1.0
84700,302.11335579455806,-260.0094490005957,1,0.0
84800,302.48556819497884,-260.3190478044779,1,0.0
84900,302.8177900013758,-260.61818251570304,0,0.2
85000,303.19457496744985,-260.9739303716504,0,0.3
85100,303.489433251034,-261.26911426143045,0,0.4
85200,303.81410754352777,-261.61763798440586,0,0.5
85300,304.2404353954992,-262.03993791467605,0,0.6
85400,304.6180880845994,-262.42276708194066,0,0.7
85500,305.0182899578491,-262.80205617663813,0,0.8
85600,305.3425304604516,-263.1110830059752,0,0.9
85700,305.64709716232,-263.40824793436707,0,1.0
85800,306.0293501106594,-263.7769614251203,1,0.0
85900,306.37165810556183,-264.13856447273076,1,0.0
86000,306.7525387498528,-264.53530123007477,0,0.2
86100,307.133502758036,-264.9067102310502,0,0.3
86200,307.4753373532198,-265.2511406174513,0,0.4
86300,307.82009703880914,-265.5790001814874,0,0.5
86400,308.22726752788697,-265.9669981473688,0,0.6
86500,308.5503780764593,-266.2730076707399,0,0.7
86600,308.92940183906614,-266.63710633606377,0,0.8
86700,309.3217498409311,-267.0174658523288,0,0.9
86800,309.67204207125553,-267.3367468226721,0,1.0
86900,310.0344264943106,-267.6751588110564,1,0.0
87000,310.4006102942779,-268.0374439913485,1,0.0
87100,310.7767580395492,-268.4128204492342,0,0.2
87200,311.10100225059716,-268.74585709508074,0,0.3
87300,311.4396283761456,-269.0642851795796,0,0.4
87400,311.77796761183924,-269.3915244171745,0,0.5
87500,312.1086651756356,-269.7160854986246,0,0.6
87600,312.4450341945896,-270.04692653296524,0,0.7
87700,312.80822333870583,-270.41136717862446,0,0.8
87800,313.18048719225624,-270.7725420813198,0,0.9
87900,313.54434356590235,-271.13825713259115,0,1.0
88000,313.89297792150245,-271.49070452244365,1,0.0
88100,314.24769207468546,-271.88025763176194,1,0.0
88200,314.62886835684475,-272.301699795666,0,0.2
88300,314.93945660336,-272.6346695003016,0,0.3
88400,315.29856206127147,-273.046011219966,0,0.4
88500,315.63697840996946,-273.4504907229981,0,0.5
88600,316.0085823363109,-273.9012076011553,0,0.6
88700,316.3660545371341,-274.3330879815564,0,0.7
88800,316.6848264738947,-274.6940344033278,0,0.8
88900,317.0519529046148,-275.1163476753962,0,0.9
89000,317.35746300637004,-275.4676618354177,0,1.0
89100,317.7665040157251,-275.91124903452857,1,0.0
89200,318.14368508347474,-276.32074869329944,1,0.0
89300,318.51848347186376,-276.73041240552163,0,0.2
89400,318.89072742154616,-277.14145352709403,0,0.3
89500,319.22746170685457,-277.50307529770663,0,0.4
89600,319.5568686192172,-277.85216498823036,0,0.5
89700,319.86348687089765,-278.19450096109483,0,0.6
89800,320.17012321013704,-278.5369995200354,0,0.7
89900,320.5238984316063,-278.9228555886476,0,0.8
90000,320.8544744648076,-279.2743483615364,0,0.9
90100,321.1990900633905,-279.63868979699765,0,1.0
90200,321.5334779161957,-279.9694327405581,1,0.0
90300,321.8815525720029,-280.31901995687167,1,0.0
90400,322.2144921514936,-280.6546207329107,0,0.2
90500,322.59198008749894,-281.0455062914024,0,0.3
90600,322.9614112869643,-281.4386591736458,0,0.4
90700,323.3606693506844,-281.82268484293576,0,0.5
90800,323.7296165005083,-282.2084391662497,0,0.6
90900,324.0972001751305,-282.5827567417115,0,0.7
91000,324.45633325633133,-282.97688237268295,0,0.8
91100,324.81972507001655,-283.39581899933125,0,0.9
91200,325.2283498274656,-283.8416229461892,0,1.0
91300,325.5242682588304,-284.1694735957189,1,0.0
91400,325.8949952082041,-284.55875208759807,1,0.0
91500,326.2760270722893,-284.9650269996241,0,0.2
91600,326.59043383366776,-285.2883539581335,0,0.3
91700,326.92589077565975,-285.63814849073617,0,0.4
91800,327.2785885669944,-286.00676036142505,0,0.5
91900,327.61502507517827,-286.3692617154902,0,0.6
92000,327.9605017692609,-286.7300256390645,0,0.7
92100,328.29779499844926,-287.0858033909386,0,0.8
92200,328.590450493726,-287.39508364051926,0,0.9
92300,328.90926284626,-287.7284463560316,0,1.0
92400,329.2170868767229,-288.0477533159353,1,0.0
92500,329.58095760992694,-288.4078037202548,1,0.0
92600,329.93350865665195,-288.7789620416356,0,0.2
92700,330.32211037798055,-289.20207200723416,0,0.3
92800,330.644982253383,-289.54440095635414,0,0.4
92900,330.99134981071694,-289.90661927931376,0,0.5
93000,331.35965873576913,-290.2691622474567,0,0.6
93100,331.69036108000785,-290.5857820657922,0,0.7
93200,332.12218115852016,-290.98250592663527,0,0.8
93300,332.4968469611633,-291.3152343330658,0,0.9
93400,332.8459074913973,-291.6217831343411,0,1.0
93500,333.1924444261109,-291.9224032440018,1,0.0
93600,333.56131035124014,-292.2406635012456,1,0.0
93700,333.9531652884314,-292.5914764265171,0,0.2
93800,334.31491225403397,-292.9382747383727,0,0.3
93900,334.7184781943395,-293.34922150476007,0,0.4
94000,335.11280663686773,-293.7131996041258,0,0.5
94100,335.5161075162706,-294.05165197500696,0,0.6
94200,335.89272853430657,-294.35840774868365,0,0.7
94300,336.28005047447954,-294.6868772345815,0,0.8
94400,336.6465573075521,-295.00482950255144,0,0.9
94500,337.0285942380689,-295.3236565983401,0,1.0
94600,337.39628738768135,-295.65357340920235,1,0.0
94700,337.7560937286467,-295.98744745310563,1,0.0
94800,338.1503110593334,-296.37185989310836,0,0.2
94900,338.49304717561233,-296.6758597918779,0,0.3
95000,338.89285529047874,-297.018433679377,0,0.4
95100,339.26945697456483,-297.3572949355979,0,0.5
95200,339.68066944506893,-297.70175683993364,0,0.6
95300,340.04151311028573,-297.98003183787057,0,0.7
95400,340.4433929933264,-298.3006240549504,0,0.8
95500,340.8399712701636,-298.6105841715713,0,0.9
95600,341.22040997600567,-298.9127962800184,0,1.0
95700,341.6234542881638,-299.24175976508724,1,0.0
95800,342.03789348885437,-299.62743740814784,1,0.0
95900,342.36007517078417,-299.93418824417614,0,0.2
96000,342.6872934507584,-300.2369388500108,0,0.3
96100,343.0473467937746,-300.5631553645929,0,0.4
96200,343.44808448874926,-300.91521445754506,0,0.5
96300,343.82019299220104,-301.2214973283807,0,0.6
96400,344.2052583620442,-301.5423097783962,0,0.7
96500,344.5975768634406,-301.89170016594903,0,0.8
96600,344.9332994255286,-302.1882587020999,0,0.9
96700,345.360978970018,-302.54380274564534,0,1.0
96800,345.753735526131,-302.8912476104023,1,0.0
96900,346.16525315845587,-303.23321557342996,1,0.0
97000,346.5013630986612,-303.52565706195753,0,0.2
97100,346.86401921430166,-303.84243151950284,0,0.3
97200,347.23868986695265,-304.1692931930448,0,0.4
97300,347.6037299210388,-304.47921260288064,0,0.5
97400,348.0750791768302,-304.8819326461702,0,0.6
97500,348.47770227703495,-305.2275987551739,0,0.7
97600,348.86707020964974,-305.55676337455486,0,0.8
97700,349.25859800421256,-305.90226167573627,0,0.9
97800,349.6585940384837,-306.2556579226902,0,1.0
97900,350.05588929397504,-306.57286696099044,1,0.0
98000,350.42075010484155,-306.85307103288176,1,0.0
98100,350.8684389328731,-307.1944812638897,0,0.2
98200,351.2462521829389,-307.4831245618494,0,0.3
98300,351.64007532167057,-307.7805767061463,0,0.4
98400,352.02635194851774,-308.0755121040077,0,0.5
98500,352.4099782133804,-308.3401598053854,0,0.6
98600,352.8009321362386,-308.6153076267858,0,0.7
98700,353.20976617370616,-308.8849025480101,0,0.8
98800,353.6421430112436,-309.1506764245971,0,0.9
98900,354.0190520748313,-309.3823770637193,0,1.0
99000,354.4720662644046,-309.6427181136107,1,0.0
99100,354.9047496664189,-309.8855201296139,1,0.0
99200,355.29518437383814,-310.1095129797825,0,0.2
99300,355.7447346560191,-310.353734199926,0,0.3
99400,356.16082095464907,-310.58416601241237,0,0.4
99500,356.59657716691237,-310.8236191899685,0,0.5
99600,357.07250567321364,-311.06091874233465,0,0.6
99700,357.4783087034839,-311.2702913232528,0,0.7
99800,357.88991181866237,-311.4853460618711,0,0.8
99900,358.3487345893348,-311.72370371124975,0,0.9
100000,358.81173416451713,-311.95501221532817,0,1.0
100100,359.28043166989414,-312.1915176127589,1,0.0
100200,359.72018661260154,-312.42498516044935,1,0.0
100300,360.1776719258011,-312.65618606612975,0,0.2
100400,360.5773713772506,-312.87339795175853,0,0.3
100500,361.0703278006961,-313.16613076820073,0,0.4
100600,361.48700880217467,-313.4345974051828,0,0.5
100700,361.9573376732763,-313.7086205460696,0,0.6
100800,362.38084684289134,-313.9373360061045,0,0.7
100900,362.9345168041806,-314.2232332660095,0,0.8
101000,363.3946444860778,-314.46087627276285,0,0.9
101100,363.8380683144556,-314.6937017315512,0,1.0
101200,364.33360512455675,-314.9477308431202,1,0.0
101300,364.7246546583851,-315.1585653318438,1,0.0
101400,365.17360411189094,-315.39976759364663,0,0.2
101500,365.6490521241431,-315.63430742732373,0,0.3
101600,366.1157778593178,-315.87279323632697,0,0.4
101700,366.5787966583209,-316.09345303887983,0,0.5
101800,367.0542462968343,-316.3242981589278,0,0.6
101900,367.4367111701611,-316.5136225236407,0,0.7
102000,367.8461768642423,-316.69985118132917,0,0.8
102100,368.28958521582433,-316.9053818052194,0,0.9
102200,368.7325799243197,-317.1146304516847,0,1.0
102300,369.19703513216797,-317.3535311143113,1,0.0
102400,369.6444593878471,-317.58288017352703,1,0.0
102500,370.1359886627849,-317.8186445852861,0,0.2
102600,370.66245558756117,-318.0502347201294,0,0.3
102700,371.0668533621867,-318.22258028610275,0,0.4
102800,371.5294538634198,-318.416580202631,0,0.5
102900,371.96985898903404,-318.60006935027616,0,0.6
103000,372.4574990158054,-318.8151681170728,0,0.7
103100,372.8793742449364,-318.9893127604684,0,0.8
103200,373.3388567352483,-319.17169716013007,0,0.9
103300,373.8283567385111,-319.37090787101596,0,1.0
103400,374.27185051030915,-319.5516885220654,1,0.0
103500,374.6621921364613,-319.7099005213363,1,0.0
103600,375.10767936140445,-319.89755886731655,0,0.2
103700,375.56906728595504,-320.11009384065204,0,0.3
103800,376.00342277654426,-320.3065200564286,0,0.4
103900,376.4833745375187,-320.52567485567846,0,0.5
104000,376.9160099484968,-320.7098745707649,0,0.6
104100,377.41650444417184,-320.91796704611556,0,0.7
104200,377.8500388913584,-321.0984341540637,0,0.8
104300,378.29661400226166,-321.29391370287834,0,0.9
104400,378.82278779728966,-321.5398260729708,0,1.0
104500,379.2866700797344,-321.7643201378297,1,0.0
104600,379.7608438955804,-321.9911603815178,1,0.0
104700,380.16331606340646,-322.18825506846764,0,0.2
104800,380.61783033446045,-322.3890674687436,0,0.3
104900,381.0830863270128,-322.59306624661133,0,0.4
105000,381.5754058871008,-322.7913854598339,0,0.5
105100,382.07513410330944,-322.97650247713926,0,0.6
105200,382.5542246012606,-323.15196559571956,0,0.7
105300,382.9483176703334,-323.3043089853239,0,0.8
105400,383.37376658748417,-323.4715703042512,0,0.9
105500,383.9089527583076,-323.64445319904087,0,1.0
105600,384.36779379962013,-323.7785434555054,1,0.0
105700,384.78783044143483,-323.87905328882937,1,0.0
105800,385.24043440994285,-324.001317259543,0,0.2
105900,385.7251563683029,-324.1442727026071,0,0.3
106000,386.2788320276411,-324.30474556206775,0,0.4
106100,386.8095446423868,-324.4448631629029,0,0.5
106200,387.288593473913,-324.5661883865805,0,0.6
106300,387.7130019773452,-324.68112983708414,0,0.7
106400,388.17823028150013,-324.81759116528247,0,0.8
106500,388.5955101533466,-324.9317178650895,0,0.9
106600,389.0816672750823,-325.08195778970094,0,1.0
106700,389.5682876274216,-325.24584915661126,1,0.0
106800,390.01219492749044,-325.4002369100407,1,0.0
106900,390.4755058112455,-325.57816272585023,0,0.2
107000,390.91639149285203,-325.75636705993736,0,0.3
107100,391.38395892112413,-325.9537099220432,0,0.4
107200,391.7820836374112,-326.12006622866755,0,0.5
107300,392.25737461597737,-326.3208202574859,0,0.6
107400,392.7518399291114,-326.5152855984464,0,0.7
107500,393.17545159614946,-326.6794302892328,0,0.8
107600,393.6721170666103,-326.8825155029063,0,0.9
107700,394.1693969073673,-327.09570202930826,0,1.0
107800,394.5952117029751,-327.26303364272707,1,0.0
107900,395.05828820317697,-327.43937798100865,1,0.0
108000,395.5655274104333,-327.6047682425789,0,0.2
108100,396.0543883337477,-327.77081876667904,0,0.3
108200,396.5184732118263,-327.93994191745526,0,0.4
108300,396.9947114074667,-328.1108446169628,0,0.5
108400,397.4323253874235,-328.26424753936186,0,0.6
108500,397.88288108815925,-328.44506153359305,0,0.7
108600,398.31705162454,-328.6301911975188,0,0.8
108700,398.83010305115477,-328.8184926755648,0,0.9
108800,399.24501842370915,-328.97275023432604,0,1.0
108900,399.72140069700987,-329.16695763085056,1,0.0
109000,400.1783004440976,-329.3396863465995,1,0.0
109100,400.6561113096159,-329.518551903981,0,0.2
109200,401.0576120968517,-329.657246315736,0,0.3
109300,401.54616899259486,-329.8239692168546,0,0.4
109400,402.0380419473748,-329.97939635918453,0,0.5
109500,402.48870971311004,-330.13501027200346,0,0.6
109600,402.9622511201334,-330.3181669219042,0,0.7
109700,403.4485411448503,-330.5036781916809,0,0.8
109800,403.86920424890815,-330.67547320674714,0,0.9
109900,404.3455436450148,-330.8499471826062,0,1.0
110000,404.8385763979853,-331.00744463749083,1,0.0
110100,405.3395616381582,-331.1870786385693,1,0.0
110200,405.7978719476082,-331.33623548688666,0,0.2
110300,406.2905700727318,-331.5221555940452,0,0.3
110400,406.7681502462241,-331.7042110545237,0,0.4
110500,407.23953943953416,-331.9196445065573,0,0.5
110600,407.64906127164653,-332.1405504721244,0,0.6
110700,408.02911484568637,-332.33524546885775,0,0.7
110800,408.4478520644909,-332.57397473744936,0,0.8
110900,408.94902742713316,-332.83402449890264,0,0.9
111000,409.42464550177533,-333.0896938738302,0,1.0
111100,409.87755756317824,-333.32510608467726,1,0.0
111200,410.29726810312405,-333.53874663320255,1,0.0
111300,410.78528295132253,-333.77546985887443,0,0.2
111400,411.2822390821033,-333.97791141300996,0,0.3
111500,411.68981656749884,-334.17266221045327,0,0.4
111600,412.1450110713383,-334.3857525736677,0,0.5
111700,412.5828116529204,-334.6151106939496,0,0.6
111800,413.02176228878585,-334.84996363687895,0,0.7
111900,413.4941483711352,-335.10456455216,0,0.8
112000,413.96666078829253,-335.33826179695444,0,0.9
112100,414.37804313767253,-335.55561739062875,0,1.0
112200,414.8141980485974,-335.7950689207597,1,0.0
112300,415.23762084809795,-336.0332660990017,1,0.0
112400,415.70036014758057,-336.3073058657255,0,0.2
112500,416.1687661418788,-336.5719888994713,0,0.3
112600,416.61925947975493,-336.82775472279235,0,0.4
112700,417.01366262907595,-337.0632749739835,0,0.5
112800,417.4593418918883,-337.33742421987745,0,0.6
112900,417.8453209766281,-337.5768007396102,0,0.7
113000,418.28509741548254,-337.84822813960716,0,0.8
113100,418.68876265146935,-338.0952280536916,0,0.9
113200,419.1011672903401,-338.3467317648834,0,1.0
113300,419.5228706864206,-338.6084796942722,1,0.0
113400,420.01502492377216,-338.9017965401325,1,0.0
113500,420.4757916209227,-339.1535747594082,0,0.2
113600,420.9014030928325,-339.3914982459876,0,0.3
113700,421.37631033080737,-339.66098772605807,0,0.4
113800,421.80246267900776,-339.9417235186081,0,0.5
113900,422.2062528125907,-340.2363397856279,0,0.6
114000,422.58922765967554,-340.49752999934077,0,0.7
114100,423.0274581673454,-340.8329862334315,0,0.8
114200,423.45147452195215,-341.13390306556374,0,0.9
114300,423.8410335727998,-341.39308357881544,0,1.0
114400,424.3226196093219,-341.69429322953835,1,0.0
114500,424.76017800770313,-341.9587012678534,1,0.0
114600,425.2353292337178,-342.22620697382735,0,0.2
114700,425.71346455540584,-342.5068262106515,0,0.3
114800,426.15466727685424,-342.75527790557027,0,0.4
114900,426.6306087267186,-343.00401104744407,0,0.5
115000,427.05964788505713,-343.218543395516,0,0.6
115100,427.4711918316607,-343.41413759339906,0,0.7
115200,427.86104552367925,-343.60087554279204,0,0.8
115300,428.3184303317247,-343.8434357609633,0,0.9
115400,428.7626883458398,-344.08015603098244,0,1.0
115500,429.2196973171419,-344.31539660867276,1,0.0
115600,429.6618732992982,-344.55503445976746,1,0.0
115700,430.0828127363053,-344.7840404963293,0,0.2
115800,430.508487442529,-345.0172743911872,0,0.3
115900,430.9315606377888,-345.2577269164745,0,0.4
116000,431.4396235210791,-345.5427043859617,0,0.5
116100,431.88883191085984,-345.80637909710384,0,0.6
116200,432.3645831485422,-346.10854931244893,0,0.7
116300,432.7891538709634,-346.3830043840346,0,0.8
116400,433.2510029341344,-346.66186517078586,0,0.9
116500,433.6880939398127,-346.9476139243206,0,1.0
116600,434.1257517409426,-347.2371547563311,1,0.0
116700,434.56837528246723,-347.5276591065886,1,0.0
116800,434.98359893534655,-347.7960365266504,0,0.2
116900,435.3582225226258,-348.02343448707506,0,0.3
117000,435.7504555911526,-348.2671358015002,0,0.4
117100,436.159666141416,-348.5233481695459,0,0.5
117200,436.56591734987774,-348.7797214815179,0,0.6
117300,436.9305097828124,-349.01559208706936,0,0.7
117400,437.36041951440137,-349.2942709383187,0,0.8
117500,437.7542023718372,-349.55761114766386,0,0.9
117600,438.2207231291049,-349.8801490594635,0,1.0
117700,438.64607587404,-350.1713966778634,1,0.0
117800,439.04016561051276,-350.4454320563532,1,0.0
117900,439.49445476975023,-350.7757523924226,0,0.2
118000,439.8959284167782,-351.0934970909736,0,0.3
118100,440.27980034673664,-351.39767137976787,0,0.4
118200,440.62219968281767,-351.6905913994413,0,0.5
118300,440.9881841550753,-351.98904754591285,0,0.6
118400,441.4033675656668,-352.31328440659996,0,0.7
118500,441.82594328348057,-352.6339356394368,0,0.8
118600,442.20054185116385,-352.93571883425994,0,0.9
118700,442.5551315792691,-353.21198198261857,0,1.0
118800,442.94331813630697,-353.4902386489597,1,0.0
118900,443.3159583003791,-353.7582231316678,1,0.0
119000,443.7004566056354,-354.02964591934614,0,0.2
119100,444.0701913529232,-354.29388442970827,0,0.3
119200,444.4309363913442,-354.5364183407895,0,0.4
119300,444.8567992787309,-354.8160851621629,0,0.5
119400,445.2432374302882,-355.06408966219834,0,0.6
119500,445.70357618781776,-355.34364606420746,0,0.7
119600,446.14264852028094,-355.6079912336041,0,0.8
119700,446.59201553601997,-355.88085186781734,0,0.9
119800,447.03293914693654,-356.1606253564691,0,1.0
119900,447.4097992245212,-356.39462628161334,1,0.0
